evidence_id,value,source_file,source_sha256,selector_kind,selector_json,input_unit,output_unit,aggregation,aggregation_parameters_json,eligibility
table1.cpu.logical_processors,48,environment-preflight.txt,sha256:064fa1a6d5a372d25b2a1aa1d886369719bd4da3139bb11c5db932ecf3504281,archive-json,"{""pointer"":""/recorded_run_environment/host/logical_processors""}",count,count,identity,{},frozen_final_candidate
table1.memory_bytes,137438953472,environment-preflight.txt,sha256:064fa1a6d5a372d25b2a1aa1d886369719bd4da3139bb11c5db932ecf3504281,archive-json,"{""pointer"":""/recorded_run_environment/host/total_memory_bytes""}",bytes,bytes,identity,{},frozen_final_candidate
table1.sandbox_limits.memory_bytes,512,environment-preflight.txt,sha256:064fa1a6d5a372d25b2a1aa1d886369719bd4da3139bb11c5db932ecf3504281,archive-json,"{""pointer"":""/sandbox_limits/memory_bytes""}",bytes,MiB,identity,"{""divisor"":1048576}",frozen_final_candidate
table1.sandbox_limits.pids_limit,256,environment-preflight.txt,sha256:064fa1a6d5a372d25b2a1aa1d886369719bd4da3139bb11c5db932ecf3504281,archive-json,"{""pointer"":""/sandbox_limits/pids_limit""}",count,count,identity,{},frozen_final_candidate
table1.sandbox_limits.vcpus,1,environment-preflight.txt,sha256:064fa1a6d5a372d25b2a1aa1d886369719bd4da3139bb11c5db932ecf3504281,archive-json,"{""pointer"":""/sandbox_limits/vcpus""}",count,count,identity,{},frozen_final_candidate
table1.seed,20260712,fixture-manifest.json,sha256:f35b5e9fd04986b4370fd17f09311ff870d7f1abaf02cdd02411cd0d8c4e7be1,archive-json,"{""pointer"":""/identity/seed""}",count,count,identity,{},frozen_final_candidate
table1.trials.measured,100,expanded-plan.json,sha256:fa04fe9254e071ea6c65f906b9e62854a60330d0fdca8c41cb41297f3c923b2e,archive-json,"{""invariant"":""all equal"",""pointer"":""/data/cells/*/protocol/measured_trials""}",count,count,identity,{},frozen_final_candidate
table1.trials.warmups,2,expanded-plan.json,sha256:fa04fe9254e071ea6c65f906b9e62854a60330d0fdca8c41cb41297f3c923b2e,archive-json,"{""invariant"":""all equal"",""pointer"":""/data/cells/*/protocol/warmups""}",count,count,identity,{},frozen_final_candidate
table1.workspace_fixture.file_count,4000,fixture-manifest.json,sha256:f35b5e9fd04986b4370fd17f09311ff870d7f1abaf02cdd02411cd0d8c4e7be1,archive-json,"{""pointer"":""/identity/fixture/file_count""}",count,count,identity,{},frozen_final_candidate
table1.workspace_fixture.logical_mib,100,fixture-manifest.json,sha256:f35b5e9fd04986b4370fd17f09311ff870d7f1abaf02cdd02411cd0d8c4e7be1,archive-json,"{""pointer"":""/identity/fixture/logical_bytes""}",bytes,MiB,identity,"{""divisor"":1048576}",frozen_final_candidate
table1.workspace_fixture.maximum_depth,100,fixture-manifest.json,sha256:f35b5e9fd04986b4370fd17f09311ff870d7f1abaf02cdd02411cd0d8c4e7be1,archive-json,"{""pointer"":""/identity/fixture/maximum_depth""}",count,count,identity,{},frozen_final_candidate
table2.create_sandbox.none.c1.p50_ms,1659.8107,report.json,sha256:ebea3dc4119919969370897b64ea004cbc9555e3403463bc44cba534461d2982,archive-json,"{""artifact"":""report.json"",""cell_id"":""sha256:d479308c8b3bd02e2d89919bafcd824d9b289bab41d2d40ba1cb4ca3968bf6b2"",""field"":""raw_points[].value"",""metric_id"":""batch_makespan_ns"",""trial_scope"":""reportable_measured""}",nanoseconds,milliseconds,linear_quantile_p50,"{""interpolation"":""linear"",""position"":""(n-1)*q"",""probability"":0.5,""unit_divisor"":1000000}",frozen_final_candidate
table2.create_sandbox.none.c1.p95_ms,1749.7388000000001,report.json,sha256:ebea3dc4119919969370897b64ea004cbc9555e3403463bc44cba534461d2982,archive-json,"{""artifact"":""report.json"",""cell_id"":""sha256:d479308c8b3bd02e2d89919bafcd824d9b289bab41d2d40ba1cb4ca3968bf6b2"",""field"":""raw_points[].value"",""metric_id"":""batch_makespan_ns"",""trial_scope"":""reportable_measured""}",nanoseconds,milliseconds,linear_quantile_p95,"{""interpolation"":""linear"",""position"":""(n-1)*q"",""probability"":0.95,""unit_divisor"":1000000}",frozen_final_candidate
table2.create_sandbox.none.c1.p99_ms,1794.9019450000008,report.json,sha256:ebea3dc4119919969370897b64ea004cbc9555e3403463bc44cba534461d2982,archive-json,"{""artifact"":""report.json"",""cell_id"":""sha256:d479308c8b3bd02e2d89919bafcd824d9b289bab41d2d40ba1cb4ca3968bf6b2"",""field"":""raw_points[].value"",""metric_id"":""batch_makespan_ns"",""trial_scope"":""reportable_measured""}",nanoseconds,milliseconds,linear_quantile_p99,"{""interpolation"":""linear"",""position"":""(n-1)*q"",""probability"":0.99,""unit_divisor"":1000000}",frozen_final_candidate
table2.create_sandbox.none.c1.samples,100,report.json,sha256:ebea3dc4119919969370897b64ea004cbc9555e3403463bc44cba534461d2982,archive-json,"{""artifact"":""report.json"",""cell_id"":""sha256:d479308c8b3bd02e2d89919bafcd824d9b289bab41d2d40ba1cb4ca3968bf6b2"",""field"":""available_n"",""metric_id"":""batch_makespan_ns"",""trial_scope"":""reportable_measured""}",count,count,identity,{},frozen_final_candidate
table2.create_sandbox.none.c1.throughput_ops_s,0.61857908259073657,report.json,sha256:ebea3dc4119919969370897b64ea004cbc9555e3403463bc44cba534461d2982,archive-json,"{""artifact"":""report.json"",""cell_id"":""sha256:d479308c8b3bd02e2d89919bafcd824d9b289bab41d2d40ba1cb4ca3968bf6b2"",""field"":""raw_points[].value"",""metric_id"":""throughput_ops_s"",""trial_scope"":""reportable_measured""}",operations_per_second,operations_per_second,arithmetic_mean,"{""denominator"":100}",frozen_final_candidate
table2.create_workspace.none.c1.p50_ms,32.896549999999998,report.json,sha256:ebea3dc4119919969370897b64ea004cbc9555e3403463bc44cba534461d2982,archive-json,"{""artifact"":""report.json"",""cell_id"":""sha256:2f8ff3901a35439793e55958d898b63fb9010bc2f1c016a59d688b9b9157f2fd"",""field"":""raw_points[].value"",""metric_id"":""batch_makespan_ns"",""trial_scope"":""reportable_measured""}",nanoseconds,milliseconds,linear_quantile_p50,"{""interpolation"":""linear"",""position"":""(n-1)*q"",""probability"":0.5,""unit_divisor"":1000000}",frozen_final_candidate
table2.create_workspace.none.c1.p95_ms,35.684699999999999,report.json,sha256:ebea3dc4119919969370897b64ea004cbc9555e3403463bc44cba534461d2982,archive-json,"{""artifact"":""report.json"",""cell_id"":""sha256:2f8ff3901a35439793e55958d898b63fb9010bc2f1c016a59d688b9b9157f2fd"",""field"":""raw_points[].value"",""metric_id"":""batch_makespan_ns"",""trial_scope"":""reportable_measured""}",nanoseconds,milliseconds,linear_quantile_p95,"{""interpolation"":""linear"",""position"":""(n-1)*q"",""probability"":0.95,""unit_divisor"":1000000}",frozen_final_candidate
table2.create_workspace.none.c1.p99_ms,36.096375999999999,report.json,sha256:ebea3dc4119919969370897b64ea004cbc9555e3403463bc44cba534461d2982,archive-json,"{""artifact"":""report.json"",""cell_id"":""sha256:2f8ff3901a35439793e55958d898b63fb9010bc2f1c016a59d688b9b9157f2fd"",""field"":""raw_points[].value"",""metric_id"":""batch_makespan_ns"",""trial_scope"":""reportable_measured""}",nanoseconds,milliseconds,linear_quantile_p99,"{""interpolation"":""linear"",""position"":""(n-1)*q"",""probability"":0.99,""unit_divisor"":1000000}",frozen_final_candidate
table2.create_workspace.none.c1.samples,100,report.json,sha256:ebea3dc4119919969370897b64ea004cbc9555e3403463bc44cba534461d2982,archive-json,"{""artifact"":""report.json"",""cell_id"":""sha256:2f8ff3901a35439793e55958d898b63fb9010bc2f1c016a59d688b9b9157f2fd"",""field"":""available_n"",""metric_id"":""batch_makespan_ns"",""trial_scope"":""reportable_measured""}",count,count,identity,{},frozen_final_candidate
table2.create_workspace.none.c1.throughput_ops_s,30.359842997206002,report.json,sha256:ebea3dc4119919969370897b64ea004cbc9555e3403463bc44cba534461d2982,archive-json,"{""artifact"":""report.json"",""cell_id"":""sha256:2f8ff3901a35439793e55958d898b63fb9010bc2f1c016a59d688b9b9157f2fd"",""field"":""raw_points[].value"",""metric_id"":""throughput_ops_s"",""trial_scope"":""reportable_measured""}",operations_per_second,operations_per_second,arithmetic_mean,"{""denominator"":100}",frozen_final_candidate
table2.create_workspace.none.c5.p50_ms,109.11905,report.json,sha256:ebea3dc4119919969370897b64ea004cbc9555e3403463bc44cba534461d2982,archive-json,"{""artifact"":""report.json"",""cell_id"":""sha256:46dca2a11cd160fb27148faef398b025082c5a87cbdf187c58b26045fac29c21"",""field"":""raw_points[].value"",""metric_id"":""batch_makespan_ns"",""trial_scope"":""reportable_measured""}",nanoseconds,milliseconds,linear_quantile_p50,"{""interpolation"":""linear"",""position"":""(n-1)*q"",""probability"":0.5,""unit_divisor"":1000000}",frozen_final_candidate
table2.create_workspace.none.c5.p95_ms,120.107005,report.json,sha256:ebea3dc4119919969370897b64ea004cbc9555e3403463bc44cba534461d2982,archive-json,"{""artifact"":""report.json"",""cell_id"":""sha256:46dca2a11cd160fb27148faef398b025082c5a87cbdf187c58b26045fac29c21"",""field"":""raw_points[].value"",""metric_id"":""batch_makespan_ns"",""trial_scope"":""reportable_measured""}",nanoseconds,milliseconds,linear_quantile_p95,"{""interpolation"":""linear"",""position"":""(n-1)*q"",""probability"":0.95,""unit_divisor"":1000000}",frozen_final_candidate
table2.create_workspace.none.c5.p99_ms,131.58766000000003,report.json,sha256:ebea3dc4119919969370897b64ea004cbc9555e3403463bc44cba534461d2982,archive-json,"{""artifact"":""report.json"",""cell_id"":""sha256:46dca2a11cd160fb27148faef398b025082c5a87cbdf187c58b26045fac29c21"",""field"":""raw_points[].value"",""metric_id"":""batch_makespan_ns"",""trial_scope"":""reportable_measured""}",nanoseconds,milliseconds,linear_quantile_p99,"{""interpolation"":""linear"",""position"":""(n-1)*q"",""probability"":0.99,""unit_divisor"":1000000}",frozen_final_candidate
table2.create_workspace.none.c5.samples,100,report.json,sha256:ebea3dc4119919969370897b64ea004cbc9555e3403463bc44cba534461d2982,archive-json,"{""artifact"":""report.json"",""cell_id"":""sha256:46dca2a11cd160fb27148faef398b025082c5a87cbdf187c58b26045fac29c21"",""field"":""available_n"",""metric_id"":""batch_makespan_ns"",""trial_scope"":""reportable_measured""}",count,count,identity,{},frozen_final_candidate
table2.create_workspace.none.c5.throughput_ops_s,45.320475342073898,report.json,sha256:ebea3dc4119919969370897b64ea004cbc9555e3403463bc44cba534461d2982,archive-json,"{""artifact"":""report.json"",""cell_id"":""sha256:46dca2a11cd160fb27148faef398b025082c5a87cbdf187c58b26045fac29c21"",""field"":""raw_points[].value"",""metric_id"":""throughput_ops_s"",""trial_scope"":""reportable_measured""}",operations_per_second,operations_per_second,arithmetic_mean,"{""denominator"":100}",frozen_final_candidate
table2.exec_command.noop.c1.p50_ms,26.71865,report.json,sha256:ebea3dc4119919969370897b64ea004cbc9555e3403463bc44cba534461d2982,archive-json,"{""artifact"":""report.json"",""cell_id"":""sha256:49abffc1163b5d9c8d96c8c091f2a31d46f8303444af6d2b9a78ea9a4e92b8f5"",""field"":""raw_points[].value"",""metric_id"":""batch_makespan_ns"",""trial_scope"":""reportable_measured""}",nanoseconds,milliseconds,linear_quantile_p50,"{""interpolation"":""linear"",""position"":""(n-1)*q"",""probability"":0.5,""unit_divisor"":1000000}",frozen_final_candidate
table2.exec_command.noop.c1.p95_ms,28.291429999999998,report.json,sha256:ebea3dc4119919969370897b64ea004cbc9555e3403463bc44cba534461d2982,archive-json,"{""artifact"":""report.json"",""cell_id"":""sha256:49abffc1163b5d9c8d96c8c091f2a31d46f8303444af6d2b9a78ea9a4e92b8f5"",""field"":""raw_points[].value"",""metric_id"":""batch_makespan_ns"",""trial_scope"":""reportable_measured""}",nanoseconds,milliseconds,linear_quantile_p95,"{""interpolation"":""linear"",""position"":""(n-1)*q"",""probability"":0.95,""unit_divisor"":1000000}",frozen_final_candidate
table2.exec_command.noop.c1.p99_ms,28.996465000000022,report.json,sha256:ebea3dc4119919969370897b64ea004cbc9555e3403463bc44cba534461d2982,archive-json,"{""artifact"":""report.json"",""cell_id"":""sha256:49abffc1163b5d9c8d96c8c091f2a31d46f8303444af6d2b9a78ea9a4e92b8f5"",""field"":""raw_points[].value"",""metric_id"":""batch_makespan_ns"",""trial_scope"":""reportable_measured""}",nanoseconds,milliseconds,linear_quantile_p99,"{""interpolation"":""linear"",""position"":""(n-1)*q"",""probability"":0.99,""unit_divisor"":1000000}",frozen_final_candidate
table2.exec_command.noop.c1.samples,100,report.json,sha256:ebea3dc4119919969370897b64ea004cbc9555e3403463bc44cba534461d2982,archive-json,"{""artifact"":""report.json"",""cell_id"":""sha256:49abffc1163b5d9c8d96c8c091f2a31d46f8303444af6d2b9a78ea9a4e92b8f5"",""field"":""available_n"",""metric_id"":""batch_makespan_ns"",""trial_scope"":""reportable_measured""}",count,count,identity,{},frozen_final_candidate
table2.exec_command.noop.c1.throughput_ops_s,37.28339526491812,report.json,sha256:ebea3dc4119919969370897b64ea004cbc9555e3403463bc44cba534461d2982,archive-json,"{""artifact"":""report.json"",""cell_id"":""sha256:49abffc1163b5d9c8d96c8c091f2a31d46f8303444af6d2b9a78ea9a4e92b8f5"",""field"":""raw_points[].value"",""metric_id"":""throughput_ops_s"",""trial_scope"":""reportable_measured""}",operations_per_second,operations_per_second,arithmetic_mean,"{""denominator"":100}",frozen_final_candidate
table3.exec_command.fixture_read.c1.p50_ms,27.234549999999999,report.json,sha256:ebea3dc4119919969370897b64ea004cbc9555e3403463bc44cba534461d2982,archive-json,"{""artifact"":""report.json"",""cell_id"":""sha256:8f45e06d13b98d71a0cc703f215771e8f949417e18593feedf485b08be865cbf"",""field"":""raw_points[].value"",""metric_id"":""batch_makespan_ns"",""trial_scope"":""reportable_measured""}",nanoseconds,milliseconds,linear_quantile_p50,"{""interpolation"":""linear"",""position"":""(n-1)*q"",""probability"":0.5,""unit_divisor"":1000000}",frozen_final_candidate
table3.exec_command.fixture_read.c1.p95_ms,28.937635,report.json,sha256:ebea3dc4119919969370897b64ea004cbc9555e3403463bc44cba534461d2982,archive-json,"{""artifact"":""report.json"",""cell_id"":""sha256:8f45e06d13b98d71a0cc703f215771e8f949417e18593feedf485b08be865cbf"",""field"":""raw_points[].value"",""metric_id"":""batch_makespan_ns"",""trial_scope"":""reportable_measured""}",nanoseconds,milliseconds,linear_quantile_p95,"{""interpolation"":""linear"",""position"":""(n-1)*q"",""probability"":0.95,""unit_divisor"":1000000}",frozen_final_candidate
table3.exec_command.fixture_read.c1.p99_ms,32.665979000000071,report.json,sha256:ebea3dc4119919969370897b64ea004cbc9555e3403463bc44cba534461d2982,archive-json,"{""artifact"":""report.json"",""cell_id"":""sha256:8f45e06d13b98d71a0cc703f215771e8f949417e18593feedf485b08be865cbf"",""field"":""raw_points[].value"",""metric_id"":""batch_makespan_ns"",""trial_scope"":""reportable_measured""}",nanoseconds,milliseconds,linear_quantile_p99,"{""interpolation"":""linear"",""position"":""(n-1)*q"",""probability"":0.99,""unit_divisor"":1000000}",frozen_final_candidate
table3.exec_command.fixture_read.c1.samples,100,report.json,sha256:ebea3dc4119919969370897b64ea004cbc9555e3403463bc44cba534461d2982,archive-json,"{""artifact"":""report.json"",""cell_id"":""sha256:8f45e06d13b98d71a0cc703f215771e8f949417e18593feedf485b08be865cbf"",""field"":""available_n"",""metric_id"":""batch_makespan_ns"",""trial_scope"":""reportable_measured""}",count,count,identity,{},frozen_final_candidate
table3.exec_command.fixture_read.c1.throughput_ops_s,36.444713188023478,report.json,sha256:ebea3dc4119919969370897b64ea004cbc9555e3403463bc44cba534461d2982,archive-json,"{""artifact"":""report.json"",""cell_id"":""sha256:8f45e06d13b98d71a0cc703f215771e8f949417e18593feedf485b08be865cbf"",""field"":""raw_points[].value"",""metric_id"":""throughput_ops_s"",""trial_scope"":""reportable_measured""}",operations_per_second,operations_per_second,arithmetic_mean,"{""denominator"":100}",frozen_final_candidate
table3.exec_command.fixture_read.c5.p50_ms,45.440849999999998,report.json,sha256:ebea3dc4119919969370897b64ea004cbc9555e3403463bc44cba534461d2982,archive-json,"{""artifact"":""report.json"",""cell_id"":""sha256:45ca26b8ebec93c4c0f5d17e4e4477a5ab95d63fa24d1dfd0254a40e740e35fb"",""field"":""raw_points[].value"",""metric_id"":""batch_makespan_ns"",""trial_scope"":""reportable_measured""}",nanoseconds,milliseconds,linear_quantile_p50,"{""interpolation"":""linear"",""position"":""(n-1)*q"",""probability"":0.5,""unit_divisor"":1000000}",frozen_final_candidate
table3.exec_command.fixture_read.c5.p95_ms,50.973254999999995,report.json,sha256:ebea3dc4119919969370897b64ea004cbc9555e3403463bc44cba534461d2982,archive-json,"{""artifact"":""report.json"",""cell_id"":""sha256:45ca26b8ebec93c4c0f5d17e4e4477a5ab95d63fa24d1dfd0254a40e740e35fb"",""field"":""raw_points[].value"",""metric_id"":""batch_makespan_ns"",""trial_scope"":""reportable_measured""}",nanoseconds,milliseconds,linear_quantile_p95,"{""interpolation"":""linear"",""position"":""(n-1)*q"",""probability"":0.95,""unit_divisor"":1000000}",frozen_final_candidate
table3.exec_command.fixture_read.c5.p99_ms,56.303267000000112,report.json,sha256:ebea3dc4119919969370897b64ea004cbc9555e3403463bc44cba534461d2982,archive-json,"{""artifact"":""report.json"",""cell_id"":""sha256:45ca26b8ebec93c4c0f5d17e4e4477a5ab95d63fa24d1dfd0254a40e740e35fb"",""field"":""raw_points[].value"",""metric_id"":""batch_makespan_ns"",""trial_scope"":""reportable_measured""}",nanoseconds,milliseconds,linear_quantile_p99,"{""interpolation"":""linear"",""position"":""(n-1)*q"",""probability"":0.99,""unit_divisor"":1000000}",frozen_final_candidate
table3.exec_command.fixture_read.c5.samples,100,report.json,sha256:ebea3dc4119919969370897b64ea004cbc9555e3403463bc44cba534461d2982,archive-json,"{""artifact"":""report.json"",""cell_id"":""sha256:45ca26b8ebec93c4c0f5d17e4e4477a5ab95d63fa24d1dfd0254a40e740e35fb"",""field"":""available_n"",""metric_id"":""batch_makespan_ns"",""trial_scope"":""reportable_measured""}",count,count,identity,{},frozen_final_candidate
table3.exec_command.fixture_read.c5.throughput_ops_s,108.88291336149418,report.json,sha256:ebea3dc4119919969370897b64ea004cbc9555e3403463bc44cba534461d2982,archive-json,"{""artifact"":""report.json"",""cell_id"":""sha256:45ca26b8ebec93c4c0f5d17e4e4477a5ab95d63fa24d1dfd0254a40e740e35fb"",""field"":""raw_points[].value"",""metric_id"":""throughput_ops_s"",""trial_scope"":""reportable_measured""}",operations_per_second,operations_per_second,arithmetic_mean,"{""denominator"":100}",frozen_final_candidate
table3.exec_command.noop.c1.p50_ms,26.71865,report.json,sha256:ebea3dc4119919969370897b64ea004cbc9555e3403463bc44cba534461d2982,archive-json,"{""artifact"":""report.json"",""cell_id"":""sha256:49abffc1163b5d9c8d96c8c091f2a31d46f8303444af6d2b9a78ea9a4e92b8f5"",""field"":""raw_points[].value"",""metric_id"":""batch_makespan_ns"",""trial_scope"":""reportable_measured""}",nanoseconds,milliseconds,linear_quantile_p50,"{""interpolation"":""linear"",""position"":""(n-1)*q"",""probability"":0.5,""unit_divisor"":1000000}",frozen_final_candidate
table3.exec_command.noop.c1.p95_ms,28.291429999999998,report.json,sha256:ebea3dc4119919969370897b64ea004cbc9555e3403463bc44cba534461d2982,archive-json,"{""artifact"":""report.json"",""cell_id"":""sha256:49abffc1163b5d9c8d96c8c091f2a31d46f8303444af6d2b9a78ea9a4e92b8f5"",""field"":""raw_points[].value"",""metric_id"":""batch_makespan_ns"",""trial_scope"":""reportable_measured""}",nanoseconds,milliseconds,linear_quantile_p95,"{""interpolation"":""linear"",""position"":""(n-1)*q"",""probability"":0.95,""unit_divisor"":1000000}",frozen_final_candidate
table3.exec_command.noop.c1.p99_ms,28.996465000000022,report.json,sha256:ebea3dc4119919969370897b64ea004cbc9555e3403463bc44cba534461d2982,archive-json,"{""artifact"":""report.json"",""cell_id"":""sha256:49abffc1163b5d9c8d96c8c091f2a31d46f8303444af6d2b9a78ea9a4e92b8f5"",""field"":""raw_points[].value"",""metric_id"":""batch_makespan_ns"",""trial_scope"":""reportable_measured""}",nanoseconds,milliseconds,linear_quantile_p99,"{""interpolation"":""linear"",""position"":""(n-1)*q"",""probability"":0.99,""unit_divisor"":1000000}",frozen_final_candidate
table3.exec_command.noop.c1.samples,100,report.json,sha256:ebea3dc4119919969370897b64ea004cbc9555e3403463bc44cba534461d2982,archive-json,"{""artifact"":""report.json"",""cell_id"":""sha256:49abffc1163b5d9c8d96c8c091f2a31d46f8303444af6d2b9a78ea9a4e92b8f5"",""field"":""available_n"",""metric_id"":""batch_makespan_ns"",""trial_scope"":""reportable_measured""}",count,count,identity,{},frozen_final_candidate
table3.exec_command.noop.c1.throughput_ops_s,37.28339526491812,report.json,sha256:ebea3dc4119919969370897b64ea004cbc9555e3403463bc44cba534461d2982,archive-json,"{""artifact"":""report.json"",""cell_id"":""sha256:49abffc1163b5d9c8d96c8c091f2a31d46f8303444af6d2b9a78ea9a4e92b8f5"",""field"":""raw_points[].value"",""metric_id"":""throughput_ops_s"",""trial_scope"":""reportable_measured""}",operations_per_second,operations_per_second,arithmetic_mean,"{""denominator"":100}",frozen_final_candidate
table3.exec_command.noop.c5.p50_ms,45.997599999999998,report.json,sha256:ebea3dc4119919969370897b64ea004cbc9555e3403463bc44cba534461d2982,archive-json,"{""artifact"":""report.json"",""cell_id"":""sha256:328ad82e72b0d80ac2466f6d7b8610fb125d828ea73a4efc98c7bb317beeab6d"",""field"":""raw_points[].value"",""metric_id"":""batch_makespan_ns"",""trial_scope"":""reportable_measured""}",nanoseconds,milliseconds,linear_quantile_p50,"{""interpolation"":""linear"",""position"":""(n-1)*q"",""probability"":0.5,""unit_divisor"":1000000}",frozen_final_candidate
table3.exec_command.noop.c5.p95_ms,53.281615000000002,report.json,sha256:ebea3dc4119919969370897b64ea004cbc9555e3403463bc44cba534461d2982,archive-json,"{""artifact"":""report.json"",""cell_id"":""sha256:328ad82e72b0d80ac2466f6d7b8610fb125d828ea73a4efc98c7bb317beeab6d"",""field"":""raw_points[].value"",""metric_id"":""batch_makespan_ns"",""trial_scope"":""reportable_measured""}",nanoseconds,milliseconds,linear_quantile_p95,"{""interpolation"":""linear"",""position"":""(n-1)*q"",""probability"":0.95,""unit_divisor"":1000000}",frozen_final_candidate
table3.exec_command.noop.c5.p99_ms,60.09194300000015,report.json,sha256:ebea3dc4119919969370897b64ea004cbc9555e3403463bc44cba534461d2982,archive-json,"{""artifact"":""report.json"",""cell_id"":""sha256:328ad82e72b0d80ac2466f6d7b8610fb125d828ea73a4efc98c7bb317beeab6d"",""field"":""raw_points[].value"",""metric_id"":""batch_makespan_ns"",""trial_scope"":""reportable_measured""}",nanoseconds,milliseconds,linear_quantile_p99,"{""interpolation"":""linear"",""position"":""(n-1)*q"",""probability"":0.99,""unit_divisor"":1000000}",frozen_final_candidate
table3.exec_command.noop.c5.samples,100,report.json,sha256:ebea3dc4119919969370897b64ea004cbc9555e3403463bc44cba534461d2982,archive-json,"{""artifact"":""report.json"",""cell_id"":""sha256:328ad82e72b0d80ac2466f6d7b8610fb125d828ea73a4efc98c7bb317beeab6d"",""field"":""available_n"",""metric_id"":""batch_makespan_ns"",""trial_scope"":""reportable_measured""}",count,count,identity,{},frozen_final_candidate
table3.exec_command.noop.c5.throughput_ops_s,107.61432697082469,report.json,sha256:ebea3dc4119919969370897b64ea004cbc9555e3403463bc44cba534461d2982,archive-json,"{""artifact"":""report.json"",""cell_id"":""sha256:328ad82e72b0d80ac2466f6d7b8610fb125d828ea73a4efc98c7bb317beeab6d"",""field"":""raw_points[].value"",""metric_id"":""throughput_ops_s"",""trial_scope"":""reportable_measured""}",operations_per_second,operations_per_second,arithmetic_mean,"{""denominator"":100}",frozen_final_candidate
table3.file_edit.262144.c1.p50_ms,48.934550000000002,report.json,sha256:ebea3dc4119919969370897b64ea004cbc9555e3403463bc44cba534461d2982,archive-json,"{""artifact"":""report.json"",""cell_id"":""sha256:315abad68138d27b23e3e71b10e3d681d495613af62276fe5ec901852dfabb55"",""field"":""raw_points[].value"",""metric_id"":""batch_makespan_ns"",""trial_scope"":""reportable_measured""}",nanoseconds,milliseconds,linear_quantile_p50,"{""interpolation"":""linear"",""position"":""(n-1)*q"",""probability"":0.5,""unit_divisor"":1000000}",frozen_final_candidate
table3.file_edit.262144.c1.p95_ms,53.328845000000001,report.json,sha256:ebea3dc4119919969370897b64ea004cbc9555e3403463bc44cba534461d2982,archive-json,"{""artifact"":""report.json"",""cell_id"":""sha256:315abad68138d27b23e3e71b10e3d681d495613af62276fe5ec901852dfabb55"",""field"":""raw_points[].value"",""metric_id"":""batch_makespan_ns"",""trial_scope"":""reportable_measured""}",nanoseconds,milliseconds,linear_quantile_p95,"{""interpolation"":""linear"",""position"":""(n-1)*q"",""probability"":0.95,""unit_divisor"":1000000}",frozen_final_candidate
table3.file_edit.262144.c1.p99_ms,63.096576000001647,report.json,sha256:ebea3dc4119919969370897b64ea004cbc9555e3403463bc44cba534461d2982,archive-json,"{""artifact"":""report.json"",""cell_id"":""sha256:315abad68138d27b23e3e71b10e3d681d495613af62276fe5ec901852dfabb55"",""field"":""raw_points[].value"",""metric_id"":""batch_makespan_ns"",""trial_scope"":""reportable_measured""}",nanoseconds,milliseconds,linear_quantile_p99,"{""interpolation"":""linear"",""position"":""(n-1)*q"",""probability"":0.99,""unit_divisor"":1000000}",frozen_final_candidate
table3.file_edit.262144.c1.samples,100,report.json,sha256:ebea3dc4119919969370897b64ea004cbc9555e3403463bc44cba534461d2982,archive-json,"{""artifact"":""report.json"",""cell_id"":""sha256:315abad68138d27b23e3e71b10e3d681d495613af62276fe5ec901852dfabb55"",""field"":""available_n"",""metric_id"":""batch_makespan_ns"",""trial_scope"":""reportable_measured""}",count,count,identity,{},frozen_final_candidate
table3.file_edit.262144.c1.throughput_ops_s,20.171524365907672,report.json,sha256:ebea3dc4119919969370897b64ea004cbc9555e3403463bc44cba534461d2982,archive-json,"{""artifact"":""report.json"",""cell_id"":""sha256:315abad68138d27b23e3e71b10e3d681d495613af62276fe5ec901852dfabb55"",""field"":""raw_points[].value"",""metric_id"":""throughput_ops_s"",""trial_scope"":""reportable_measured""}",operations_per_second,operations_per_second,arithmetic_mean,"{""denominator"":100}",frozen_final_candidate
table3.file_edit.262144.c5.p50_ms,187.35685000000001,report.json,sha256:ebea3dc4119919969370897b64ea004cbc9555e3403463bc44cba534461d2982,archive-json,"{""artifact"":""report.json"",""cell_id"":""sha256:ae045e86ae9a922cccd9f5820ba8a29db3155f5c9d8eb81129b6a3de48f7daab"",""field"":""raw_points[].value"",""metric_id"":""batch_makespan_ns"",""trial_scope"":""reportable_measured""}",nanoseconds,milliseconds,linear_quantile_p50,"{""interpolation"":""linear"",""position"":""(n-1)*q"",""probability"":0.5,""unit_divisor"":1000000}",frozen_final_candidate
table3.file_edit.262144.c5.p95_ms,208.00807499999999,report.json,sha256:ebea3dc4119919969370897b64ea004cbc9555e3403463bc44cba534461d2982,archive-json,"{""artifact"":""report.json"",""cell_id"":""sha256:ae045e86ae9a922cccd9f5820ba8a29db3155f5c9d8eb81129b6a3de48f7daab"",""field"":""raw_points[].value"",""metric_id"":""batch_makespan_ns"",""trial_scope"":""reportable_measured""}",nanoseconds,milliseconds,linear_quantile_p95,"{""interpolation"":""linear"",""position"":""(n-1)*q"",""probability"":0.95,""unit_divisor"":1000000}",frozen_final_candidate
table3.file_edit.262144.c5.p99_ms,294.39178900000019,report.json,sha256:ebea3dc4119919969370897b64ea004cbc9555e3403463bc44cba534461d2982,archive-json,"{""artifact"":""report.json"",""cell_id"":""sha256:ae045e86ae9a922cccd9f5820ba8a29db3155f5c9d8eb81129b6a3de48f7daab"",""field"":""raw_points[].value"",""metric_id"":""batch_makespan_ns"",""trial_scope"":""reportable_measured""}",nanoseconds,milliseconds,linear_quantile_p99,"{""interpolation"":""linear"",""position"":""(n-1)*q"",""probability"":0.99,""unit_divisor"":1000000}",frozen_final_candidate
table3.file_edit.262144.c5.samples,100,report.json,sha256:ebea3dc4119919969370897b64ea004cbc9555e3403463bc44cba534461d2982,archive-json,"{""artifact"":""report.json"",""cell_id"":""sha256:ae045e86ae9a922cccd9f5820ba8a29db3155f5c9d8eb81129b6a3de48f7daab"",""field"":""available_n"",""metric_id"":""batch_makespan_ns"",""trial_scope"":""reportable_measured""}",count,count,identity,{},frozen_final_candidate
table3.file_edit.262144.c5.throughput_ops_s,26.357148435723182,report.json,sha256:ebea3dc4119919969370897b64ea004cbc9555e3403463bc44cba534461d2982,archive-json,"{""artifact"":""report.json"",""cell_id"":""sha256:ae045e86ae9a922cccd9f5820ba8a29db3155f5c9d8eb81129b6a3de48f7daab"",""field"":""raw_points[].value"",""metric_id"":""throughput_ops_s"",""trial_scope"":""reportable_measured""}",operations_per_second,operations_per_second,arithmetic_mean,"{""denominator"":100}",frozen_final_candidate
table3.file_edit.4096.c1.p50_ms,38.647399999999998,report.json,sha256:ebea3dc4119919969370897b64ea004cbc9555e3403463bc44cba534461d2982,archive-json,"{""artifact"":""report.json"",""cell_id"":""sha256:8de2d3ce51e15f97f3c760fe8ffd328a24eb1033c7de7ce88afccca8bf5b565e"",""field"":""raw_points[].value"",""metric_id"":""batch_makespan_ns"",""trial_scope"":""reportable_measured""}",nanoseconds,milliseconds,linear_quantile_p50,"{""interpolation"":""linear"",""position"":""(n-1)*q"",""probability"":0.5,""unit_divisor"":1000000}",frozen_final_candidate
table3.file_edit.4096.c1.p95_ms,42.615490000000001,report.json,sha256:ebea3dc4119919969370897b64ea004cbc9555e3403463bc44cba534461d2982,archive-json,"{""artifact"":""report.json"",""cell_id"":""sha256:8de2d3ce51e15f97f3c760fe8ffd328a24eb1033c7de7ce88afccca8bf5b565e"",""field"":""raw_points[].value"",""metric_id"":""batch_makespan_ns"",""trial_scope"":""reportable_measured""}",nanoseconds,milliseconds,linear_quantile_p95,"{""interpolation"":""linear"",""position"":""(n-1)*q"",""probability"":0.95,""unit_divisor"":1000000}",frozen_final_candidate
table3.file_edit.4096.c1.p99_ms,46.877792000000127,report.json,sha256:ebea3dc4119919969370897b64ea004cbc9555e3403463bc44cba534461d2982,archive-json,"{""artifact"":""report.json"",""cell_id"":""sha256:8de2d3ce51e15f97f3c760fe8ffd328a24eb1033c7de7ce88afccca8bf5b565e"",""field"":""raw_points[].value"",""metric_id"":""batch_makespan_ns"",""trial_scope"":""reportable_measured""}",nanoseconds,milliseconds,linear_quantile_p99,"{""interpolation"":""linear"",""position"":""(n-1)*q"",""probability"":0.99,""unit_divisor"":1000000}",frozen_final_candidate
table3.file_edit.4096.c1.samples,100,report.json,sha256:ebea3dc4119919969370897b64ea004cbc9555e3403463bc44cba534461d2982,archive-json,"{""artifact"":""report.json"",""cell_id"":""sha256:8de2d3ce51e15f97f3c760fe8ffd328a24eb1033c7de7ce88afccca8bf5b565e"",""field"":""available_n"",""metric_id"":""batch_makespan_ns"",""trial_scope"":""reportable_measured""}",count,count,identity,{},frozen_final_candidate
table3.file_edit.4096.c1.throughput_ops_s,25.608367032181523,report.json,sha256:ebea3dc4119919969370897b64ea004cbc9555e3403463bc44cba534461d2982,archive-json,"{""artifact"":""report.json"",""cell_id"":""sha256:8de2d3ce51e15f97f3c760fe8ffd328a24eb1033c7de7ce88afccca8bf5b565e"",""field"":""raw_points[].value"",""metric_id"":""throughput_ops_s"",""trial_scope"":""reportable_measured""}",operations_per_second,operations_per_second,arithmetic_mean,"{""denominator"":100}",frozen_final_candidate
table3.file_edit.4096.c5.p50_ms,134.61035000000001,report.json,sha256:ebea3dc4119919969370897b64ea004cbc9555e3403463bc44cba534461d2982,archive-json,"{""artifact"":""report.json"",""cell_id"":""sha256:ccfc5b51f0bd7c3b4ea211621c4c95af8a40200ebe886fc2fb7513b0e500726e"",""field"":""raw_points[].value"",""metric_id"":""batch_makespan_ns"",""trial_scope"":""reportable_measured""}",nanoseconds,milliseconds,linear_quantile_p50,"{""interpolation"":""linear"",""position"":""(n-1)*q"",""probability"":0.5,""unit_divisor"":1000000}",frozen_final_candidate
table3.file_edit.4096.c5.p95_ms,141.75803999999999,report.json,sha256:ebea3dc4119919969370897b64ea004cbc9555e3403463bc44cba534461d2982,archive-json,"{""artifact"":""report.json"",""cell_id"":""sha256:ccfc5b51f0bd7c3b4ea211621c4c95af8a40200ebe886fc2fb7513b0e500726e"",""field"":""raw_points[].value"",""metric_id"":""batch_makespan_ns"",""trial_scope"":""reportable_measured""}",nanoseconds,milliseconds,linear_quantile_p95,"{""interpolation"":""linear"",""position"":""(n-1)*q"",""probability"":0.95,""unit_divisor"":1000000}",frozen_final_candidate
table3.file_edit.4096.c5.p99_ms,146.72477300000017,report.json,sha256:ebea3dc4119919969370897b64ea004cbc9555e3403463bc44cba534461d2982,archive-json,"{""artifact"":""report.json"",""cell_id"":""sha256:ccfc5b51f0bd7c3b4ea211621c4c95af8a40200ebe886fc2fb7513b0e500726e"",""field"":""raw_points[].value"",""metric_id"":""batch_makespan_ns"",""trial_scope"":""reportable_measured""}",nanoseconds,milliseconds,linear_quantile_p99,"{""interpolation"":""linear"",""position"":""(n-1)*q"",""probability"":0.99,""unit_divisor"":1000000}",frozen_final_candidate
table3.file_edit.4096.c5.samples,100,report.json,sha256:ebea3dc4119919969370897b64ea004cbc9555e3403463bc44cba534461d2982,archive-json,"{""artifact"":""report.json"",""cell_id"":""sha256:ccfc5b51f0bd7c3b4ea211621c4c95af8a40200ebe886fc2fb7513b0e500726e"",""field"":""available_n"",""metric_id"":""batch_makespan_ns"",""trial_scope"":""reportable_measured""}",count,count,identity,{},frozen_final_candidate
table3.file_edit.4096.c5.throughput_ops_s,37.216098524026926,report.json,sha256:ebea3dc4119919969370897b64ea004cbc9555e3403463bc44cba534461d2982,archive-json,"{""artifact"":""report.json"",""cell_id"":""sha256:ccfc5b51f0bd7c3b4ea211621c4c95af8a40200ebe886fc2fb7513b0e500726e"",""field"":""raw_points[].value"",""metric_id"":""throughput_ops_s"",""trial_scope"":""reportable_measured""}",operations_per_second,operations_per_second,arithmetic_mean,"{""denominator"":100}",frozen_final_candidate
table3.file_read.262144.c1.p50_ms,20.781099999999999,report.json,sha256:ebea3dc4119919969370897b64ea004cbc9555e3403463bc44cba534461d2982,archive-json,"{""artifact"":""report.json"",""cell_id"":""sha256:1d46f2fd658c9ef9840dedba040ab4ac59474ea716140a617837580625ac65b0"",""field"":""raw_points[].value"",""metric_id"":""batch_makespan_ns"",""trial_scope"":""reportable_measured""}",nanoseconds,milliseconds,linear_quantile_p50,"{""interpolation"":""linear"",""position"":""(n-1)*q"",""probability"":0.5,""unit_divisor"":1000000}",frozen_final_candidate
table3.file_read.262144.c1.p95_ms,24.366515,report.json,sha256:ebea3dc4119919969370897b64ea004cbc9555e3403463bc44cba534461d2982,archive-json,"{""artifact"":""report.json"",""cell_id"":""sha256:1d46f2fd658c9ef9840dedba040ab4ac59474ea716140a617837580625ac65b0"",""field"":""raw_points[].value"",""metric_id"":""batch_makespan_ns"",""trial_scope"":""reportable_measured""}",nanoseconds,milliseconds,linear_quantile_p95,"{""interpolation"":""linear"",""position"":""(n-1)*q"",""probability"":0.95,""unit_divisor"":1000000}",frozen_final_candidate
table3.file_read.262144.c1.p99_ms,25.48393800000002,report.json,sha256:ebea3dc4119919969370897b64ea004cbc9555e3403463bc44cba534461d2982,archive-json,"{""artifact"":""report.json"",""cell_id"":""sha256:1d46f2fd658c9ef9840dedba040ab4ac59474ea716140a617837580625ac65b0"",""field"":""raw_points[].value"",""metric_id"":""batch_makespan_ns"",""trial_scope"":""reportable_measured""}",nanoseconds,milliseconds,linear_quantile_p99,"{""interpolation"":""linear"",""position"":""(n-1)*q"",""probability"":0.99,""unit_divisor"":1000000}",frozen_final_candidate
table3.file_read.262144.c1.samples,100,report.json,sha256:ebea3dc4119919969370897b64ea004cbc9555e3403463bc44cba534461d2982,archive-json,"{""artifact"":""report.json"",""cell_id"":""sha256:1d46f2fd658c9ef9840dedba040ab4ac59474ea716140a617837580625ac65b0"",""field"":""available_n"",""metric_id"":""batch_makespan_ns"",""trial_scope"":""reportable_measured""}",count,count,identity,{},frozen_final_candidate
table3.file_read.262144.c1.throughput_ops_s,47.68014601293585,report.json,sha256:ebea3dc4119919969370897b64ea004cbc9555e3403463bc44cba534461d2982,archive-json,"{""artifact"":""report.json"",""cell_id"":""sha256:1d46f2fd658c9ef9840dedba040ab4ac59474ea716140a617837580625ac65b0"",""field"":""raw_points[].value"",""metric_id"":""throughput_ops_s"",""trial_scope"":""reportable_measured""}",operations_per_second,operations_per_second,arithmetic_mean,"{""denominator"":100}",frozen_final_candidate
table3.file_read.262144.c5.p50_ms,37.788249999999998,report.json,sha256:ebea3dc4119919969370897b64ea004cbc9555e3403463bc44cba534461d2982,archive-json,"{""artifact"":""report.json"",""cell_id"":""sha256:36ce0418b24fc3acb183f7cc8c35d1a66f76dcab3aa1e6050c02a6b99f5f0603"",""field"":""raw_points[].value"",""metric_id"":""batch_makespan_ns"",""trial_scope"":""reportable_measured""}",nanoseconds,milliseconds,linear_quantile_p50,"{""interpolation"":""linear"",""position"":""(n-1)*q"",""probability"":0.5,""unit_divisor"":1000000}",frozen_final_candidate
table3.file_read.262144.c5.p95_ms,57.793729999999989,report.json,sha256:ebea3dc4119919969370897b64ea004cbc9555e3403463bc44cba534461d2982,archive-json,"{""artifact"":""report.json"",""cell_id"":""sha256:36ce0418b24fc3acb183f7cc8c35d1a66f76dcab3aa1e6050c02a6b99f5f0603"",""field"":""raw_points[].value"",""metric_id"":""batch_makespan_ns"",""trial_scope"":""reportable_measured""}",nanoseconds,milliseconds,linear_quantile_p95,"{""interpolation"":""linear"",""position"":""(n-1)*q"",""probability"":0.95,""unit_divisor"":1000000}",frozen_final_candidate
table3.file_read.262144.c5.p99_ms,60.156401000000017,report.json,sha256:ebea3dc4119919969370897b64ea004cbc9555e3403463bc44cba534461d2982,archive-json,"{""artifact"":""report.json"",""cell_id"":""sha256:36ce0418b24fc3acb183f7cc8c35d1a66f76dcab3aa1e6050c02a6b99f5f0603"",""field"":""raw_points[].value"",""metric_id"":""batch_makespan_ns"",""trial_scope"":""reportable_measured""}",nanoseconds,milliseconds,linear_quantile_p99,"{""interpolation"":""linear"",""position"":""(n-1)*q"",""probability"":0.99,""unit_divisor"":1000000}",frozen_final_candidate
table3.file_read.262144.c5.samples,100,report.json,sha256:ebea3dc4119919969370897b64ea004cbc9555e3403463bc44cba534461d2982,archive-json,"{""artifact"":""report.json"",""cell_id"":""sha256:36ce0418b24fc3acb183f7cc8c35d1a66f76dcab3aa1e6050c02a6b99f5f0603"",""field"":""available_n"",""metric_id"":""batch_makespan_ns"",""trial_scope"":""reportable_measured""}",count,count,identity,{},frozen_final_candidate
table3.file_read.262144.c5.throughput_ops_s,125.54290904967944,report.json,sha256:ebea3dc4119919969370897b64ea004cbc9555e3403463bc44cba534461d2982,archive-json,"{""artifact"":""report.json"",""cell_id"":""sha256:36ce0418b24fc3acb183f7cc8c35d1a66f76dcab3aa1e6050c02a6b99f5f0603"",""field"":""raw_points[].value"",""metric_id"":""throughput_ops_s"",""trial_scope"":""reportable_measured""}",operations_per_second,operations_per_second,arithmetic_mean,"{""denominator"":100}",frozen_final_candidate
table3.file_read.4096.c1.p50_ms,11.424799999999999,report.json,sha256:ebea3dc4119919969370897b64ea004cbc9555e3403463bc44cba534461d2982,archive-json,"{""artifact"":""report.json"",""cell_id"":""sha256:22e51aa86c53171ed08483202c70fd8275700d0232908737242749a59d59cc16"",""field"":""raw_points[].value"",""metric_id"":""batch_makespan_ns"",""trial_scope"":""reportable_measured""}",nanoseconds,milliseconds,linear_quantile_p50,"{""interpolation"":""linear"",""position"":""(n-1)*q"",""probability"":0.5,""unit_divisor"":1000000}",frozen_final_candidate
table3.file_read.4096.c1.p95_ms,15.772724999999999,report.json,sha256:ebea3dc4119919969370897b64ea004cbc9555e3403463bc44cba534461d2982,archive-json,"{""artifact"":""report.json"",""cell_id"":""sha256:22e51aa86c53171ed08483202c70fd8275700d0232908737242749a59d59cc16"",""field"":""raw_points[].value"",""metric_id"":""batch_makespan_ns"",""trial_scope"":""reportable_measured""}",nanoseconds,milliseconds,linear_quantile_p95,"{""interpolation"":""linear"",""position"":""(n-1)*q"",""probability"":0.95,""unit_divisor"":1000000}",frozen_final_candidate
table3.file_read.4096.c1.p99_ms,19.96439500000001,report.json,sha256:ebea3dc4119919969370897b64ea004cbc9555e3403463bc44cba534461d2982,archive-json,"{""artifact"":""report.json"",""cell_id"":""sha256:22e51aa86c53171ed08483202c70fd8275700d0232908737242749a59d59cc16"",""field"":""raw_points[].value"",""metric_id"":""batch_makespan_ns"",""trial_scope"":""reportable_measured""}",nanoseconds,milliseconds,linear_quantile_p99,"{""interpolation"":""linear"",""position"":""(n-1)*q"",""probability"":0.99,""unit_divisor"":1000000}",frozen_final_candidate
table3.file_read.4096.c1.samples,100,report.json,sha256:ebea3dc4119919969370897b64ea004cbc9555e3403463bc44cba534461d2982,archive-json,"{""artifact"":""report.json"",""cell_id"":""sha256:22e51aa86c53171ed08483202c70fd8275700d0232908737242749a59d59cc16"",""field"":""available_n"",""metric_id"":""batch_makespan_ns"",""trial_scope"":""reportable_measured""}",count,count,identity,{},frozen_final_candidate
table3.file_read.4096.c1.throughput_ops_s,84.999925447702097,report.json,sha256:ebea3dc4119919969370897b64ea004cbc9555e3403463bc44cba534461d2982,archive-json,"{""artifact"":""report.json"",""cell_id"":""sha256:22e51aa86c53171ed08483202c70fd8275700d0232908737242749a59d59cc16"",""field"":""raw_points[].value"",""metric_id"":""throughput_ops_s"",""trial_scope"":""reportable_measured""}",operations_per_second,operations_per_second,arithmetic_mean,"{""denominator"":100}",frozen_final_candidate
table3.file_read.4096.c5.p50_ms,26.574999999999999,report.json,sha256:ebea3dc4119919969370897b64ea004cbc9555e3403463bc44cba534461d2982,archive-json,"{""artifact"":""report.json"",""cell_id"":""sha256:08051500fba8d2e8a3bf66bc2650b93d4bd03042bb85b316916c988c9f38c185"",""field"":""raw_points[].value"",""metric_id"":""batch_makespan_ns"",""trial_scope"":""reportable_measured""}",nanoseconds,milliseconds,linear_quantile_p50,"{""interpolation"":""linear"",""position"":""(n-1)*q"",""probability"":0.5,""unit_divisor"":1000000}",frozen_final_candidate
table3.file_read.4096.c5.p95_ms,30.591984999999998,report.json,sha256:ebea3dc4119919969370897b64ea004cbc9555e3403463bc44cba534461d2982,archive-json,"{""artifact"":""report.json"",""cell_id"":""sha256:08051500fba8d2e8a3bf66bc2650b93d4bd03042bb85b316916c988c9f38c185"",""field"":""raw_points[].value"",""metric_id"":""batch_makespan_ns"",""trial_scope"":""reportable_measured""}",nanoseconds,milliseconds,linear_quantile_p95,"{""interpolation"":""linear"",""position"":""(n-1)*q"",""probability"":0.95,""unit_divisor"":1000000}",frozen_final_candidate
table3.file_read.4096.c5.p99_ms,39.738212000000047,report.json,sha256:ebea3dc4119919969370897b64ea004cbc9555e3403463bc44cba534461d2982,archive-json,"{""artifact"":""report.json"",""cell_id"":""sha256:08051500fba8d2e8a3bf66bc2650b93d4bd03042bb85b316916c988c9f38c185"",""field"":""raw_points[].value"",""metric_id"":""batch_makespan_ns"",""trial_scope"":""reportable_measured""}",nanoseconds,milliseconds,linear_quantile_p99,"{""interpolation"":""linear"",""position"":""(n-1)*q"",""probability"":0.99,""unit_divisor"":1000000}",frozen_final_candidate
table3.file_read.4096.c5.samples,100,report.json,sha256:ebea3dc4119919969370897b64ea004cbc9555e3403463bc44cba534461d2982,archive-json,"{""artifact"":""report.json"",""cell_id"":""sha256:08051500fba8d2e8a3bf66bc2650b93d4bd03042bb85b316916c988c9f38c185"",""field"":""available_n"",""metric_id"":""batch_makespan_ns"",""trial_scope"":""reportable_measured""}",count,count,identity,{},frozen_final_candidate
table3.file_read.4096.c5.throughput_ops_s,185.30259988470985,report.json,sha256:ebea3dc4119919969370897b64ea004cbc9555e3403463bc44cba534461d2982,archive-json,"{""artifact"":""report.json"",""cell_id"":""sha256:08051500fba8d2e8a3bf66bc2650b93d4bd03042bb85b316916c988c9f38c185"",""field"":""raw_points[].value"",""metric_id"":""throughput_ops_s"",""trial_scope"":""reportable_measured""}",operations_per_second,operations_per_second,arithmetic_mean,"{""denominator"":100}",frozen_final_candidate
table3.file_write.262144.c1.p50_ms,45.065849999999998,report.json,sha256:ebea3dc4119919969370897b64ea004cbc9555e3403463bc44cba534461d2982,archive-json,"{""artifact"":""report.json"",""cell_id"":""sha256:4b9f88a3ef05291334cd2aa7c5a5248d5c380a6bab530ae7966f132bb3b6fd75"",""field"":""raw_points[].value"",""metric_id"":""batch_makespan_ns"",""trial_scope"":""reportable_measured""}",nanoseconds,milliseconds,linear_quantile_p50,"{""interpolation"":""linear"",""position"":""(n-1)*q"",""probability"":0.5,""unit_divisor"":1000000}",frozen_final_candidate
table3.file_write.262144.c1.p95_ms,49.947220000000002,report.json,sha256:ebea3dc4119919969370897b64ea004cbc9555e3403463bc44cba534461d2982,archive-json,"{""artifact"":""report.json"",""cell_id"":""sha256:4b9f88a3ef05291334cd2aa7c5a5248d5c380a6bab530ae7966f132bb3b6fd75"",""field"":""raw_points[].value"",""metric_id"":""batch_makespan_ns"",""trial_scope"":""reportable_measured""}",nanoseconds,milliseconds,linear_quantile_p95,"{""interpolation"":""linear"",""position"":""(n-1)*q"",""probability"":0.95,""unit_divisor"":1000000}",frozen_final_candidate
table3.file_write.262144.c1.p99_ms,53.543717999999998,report.json,sha256:ebea3dc4119919969370897b64ea004cbc9555e3403463bc44cba534461d2982,archive-json,"{""artifact"":""report.json"",""cell_id"":""sha256:4b9f88a3ef05291334cd2aa7c5a5248d5c380a6bab530ae7966f132bb3b6fd75"",""field"":""raw_points[].value"",""metric_id"":""batch_makespan_ns"",""trial_scope"":""reportable_measured""}",nanoseconds,milliseconds,linear_quantile_p99,"{""interpolation"":""linear"",""position"":""(n-1)*q"",""probability"":0.99,""unit_divisor"":1000000}",frozen_final_candidate
table3.file_write.262144.c1.samples,100,report.json,sha256:ebea3dc4119919969370897b64ea004cbc9555e3403463bc44cba534461d2982,archive-json,"{""artifact"":""report.json"",""cell_id"":""sha256:4b9f88a3ef05291334cd2aa7c5a5248d5c380a6bab530ae7966f132bb3b6fd75"",""field"":""available_n"",""metric_id"":""batch_makespan_ns"",""trial_scope"":""reportable_measured""}",count,count,identity,{},frozen_final_candidate
table3.file_write.262144.c1.throughput_ops_s,22.028756361556631,report.json,sha256:ebea3dc4119919969370897b64ea004cbc9555e3403463bc44cba534461d2982,archive-json,"{""artifact"":""report.json"",""cell_id"":""sha256:4b9f88a3ef05291334cd2aa7c5a5248d5c380a6bab530ae7966f132bb3b6fd75"",""field"":""raw_points[].value"",""metric_id"":""throughput_ops_s"",""trial_scope"":""reportable_measured""}",operations_per_second,operations_per_second,arithmetic_mean,"{""denominator"":100}",frozen_final_candidate
table3.file_write.262144.c5.p50_ms,125.96850000000001,report.json,sha256:ebea3dc4119919969370897b64ea004cbc9555e3403463bc44cba534461d2982,archive-json,"{""artifact"":""report.json"",""cell_id"":""sha256:bc22c4d681e3996f98d860c08a3bdc58b7cdb1152be031dcd9f213db570e7aaa"",""field"":""raw_points[].value"",""metric_id"":""batch_makespan_ns"",""trial_scope"":""reportable_measured""}",nanoseconds,milliseconds,linear_quantile_p50,"{""interpolation"":""linear"",""position"":""(n-1)*q"",""probability"":0.5,""unit_divisor"":1000000}",frozen_final_candidate
table3.file_write.262144.c5.p95_ms,137.255055,report.json,sha256:ebea3dc4119919969370897b64ea004cbc9555e3403463bc44cba534461d2982,archive-json,"{""artifact"":""report.json"",""cell_id"":""sha256:bc22c4d681e3996f98d860c08a3bdc58b7cdb1152be031dcd9f213db570e7aaa"",""field"":""raw_points[].value"",""metric_id"":""batch_makespan_ns"",""trial_scope"":""reportable_measured""}",nanoseconds,milliseconds,linear_quantile_p95,"{""interpolation"":""linear"",""position"":""(n-1)*q"",""probability"":0.95,""unit_divisor"":1000000}",frozen_final_candidate
table3.file_write.262144.c5.p99_ms,147.37442700000005,report.json,sha256:ebea3dc4119919969370897b64ea004cbc9555e3403463bc44cba534461d2982,archive-json,"{""artifact"":""report.json"",""cell_id"":""sha256:bc22c4d681e3996f98d860c08a3bdc58b7cdb1152be031dcd9f213db570e7aaa"",""field"":""raw_points[].value"",""metric_id"":""batch_makespan_ns"",""trial_scope"":""reportable_measured""}",nanoseconds,milliseconds,linear_quantile_p99,"{""interpolation"":""linear"",""position"":""(n-1)*q"",""probability"":0.99,""unit_divisor"":1000000}",frozen_final_candidate
table3.file_write.262144.c5.samples,100,report.json,sha256:ebea3dc4119919969370897b64ea004cbc9555e3403463bc44cba534461d2982,archive-json,"{""artifact"":""report.json"",""cell_id"":""sha256:bc22c4d681e3996f98d860c08a3bdc58b7cdb1152be031dcd9f213db570e7aaa"",""field"":""available_n"",""metric_id"":""batch_makespan_ns"",""trial_scope"":""reportable_measured""}",count,count,identity,{},frozen_final_candidate
table3.file_write.262144.c5.throughput_ops_s,39.354743449708884,report.json,sha256:ebea3dc4119919969370897b64ea004cbc9555e3403463bc44cba534461d2982,archive-json,"{""artifact"":""report.json"",""cell_id"":""sha256:bc22c4d681e3996f98d860c08a3bdc58b7cdb1152be031dcd9f213db570e7aaa"",""field"":""raw_points[].value"",""metric_id"":""throughput_ops_s"",""trial_scope"":""reportable_measured""}",operations_per_second,operations_per_second,arithmetic_mean,"{""denominator"":100}",frozen_final_candidate
table3.file_write.4096.c1.p50_ms,38.812600000000003,report.json,sha256:ebea3dc4119919969370897b64ea004cbc9555e3403463bc44cba534461d2982,archive-json,"{""artifact"":""report.json"",""cell_id"":""sha256:8bf5249d7df59689f7b23a7a3764aeda8d82b31170b332dde620f2e81fe11ee6"",""field"":""raw_points[].value"",""metric_id"":""batch_makespan_ns"",""trial_scope"":""reportable_measured""}",nanoseconds,milliseconds,linear_quantile_p50,"{""interpolation"":""linear"",""position"":""(n-1)*q"",""probability"":0.5,""unit_divisor"":1000000}",frozen_final_candidate
table3.file_write.4096.c1.p95_ms,41.38427999999999,report.json,sha256:ebea3dc4119919969370897b64ea004cbc9555e3403463bc44cba534461d2982,archive-json,"{""artifact"":""report.json"",""cell_id"":""sha256:8bf5249d7df59689f7b23a7a3764aeda8d82b31170b332dde620f2e81fe11ee6"",""field"":""raw_points[].value"",""metric_id"":""batch_makespan_ns"",""trial_scope"":""reportable_measured""}",nanoseconds,milliseconds,linear_quantile_p95,"{""interpolation"":""linear"",""position"":""(n-1)*q"",""probability"":0.95,""unit_divisor"":1000000}",frozen_final_candidate
table3.file_write.4096.c1.p99_ms,51.561904000000048,report.json,sha256:ebea3dc4119919969370897b64ea004cbc9555e3403463bc44cba534461d2982,archive-json,"{""artifact"":""report.json"",""cell_id"":""sha256:8bf5249d7df59689f7b23a7a3764aeda8d82b31170b332dde620f2e81fe11ee6"",""field"":""raw_points[].value"",""metric_id"":""batch_makespan_ns"",""trial_scope"":""reportable_measured""}",nanoseconds,milliseconds,linear_quantile_p99,"{""interpolation"":""linear"",""position"":""(n-1)*q"",""probability"":0.99,""unit_divisor"":1000000}",frozen_final_candidate
table3.file_write.4096.c1.samples,100,report.json,sha256:ebea3dc4119919969370897b64ea004cbc9555e3403463bc44cba534461d2982,archive-json,"{""artifact"":""report.json"",""cell_id"":""sha256:8bf5249d7df59689f7b23a7a3764aeda8d82b31170b332dde620f2e81fe11ee6"",""field"":""available_n"",""metric_id"":""batch_makespan_ns"",""trial_scope"":""reportable_measured""}",count,count,identity,{},frozen_final_candidate
table3.file_write.4096.c1.throughput_ops_s,25.551107882015895,report.json,sha256:ebea3dc4119919969370897b64ea004cbc9555e3403463bc44cba534461d2982,archive-json,"{""artifact"":""report.json"",""cell_id"":""sha256:8bf5249d7df59689f7b23a7a3764aeda8d82b31170b332dde620f2e81fe11ee6"",""field"":""raw_points[].value"",""metric_id"":""throughput_ops_s"",""trial_scope"":""reportable_measured""}",operations_per_second,operations_per_second,arithmetic_mean,"{""denominator"":100}",frozen_final_candidate
table3.file_write.4096.c5.p50_ms,108.75565,report.json,sha256:ebea3dc4119919969370897b64ea004cbc9555e3403463bc44cba534461d2982,archive-json,"{""artifact"":""report.json"",""cell_id"":""sha256:b87af3269b33724949335fca092c5b6adb183e4894bff8806b801ac84db783ce"",""field"":""raw_points[].value"",""metric_id"":""batch_makespan_ns"",""trial_scope"":""reportable_measured""}",nanoseconds,milliseconds,linear_quantile_p50,"{""interpolation"":""linear"",""position"":""(n-1)*q"",""probability"":0.5,""unit_divisor"":1000000}",frozen_final_candidate
table3.file_write.4096.c5.p95_ms,111.979635,report.json,sha256:ebea3dc4119919969370897b64ea004cbc9555e3403463bc44cba534461d2982,archive-json,"{""artifact"":""report.json"",""cell_id"":""sha256:b87af3269b33724949335fca092c5b6adb183e4894bff8806b801ac84db783ce"",""field"":""raw_points[].value"",""metric_id"":""batch_makespan_ns"",""trial_scope"":""reportable_measured""}",nanoseconds,milliseconds,linear_quantile_p95,"{""interpolation"":""linear"",""position"":""(n-1)*q"",""probability"":0.95,""unit_divisor"":1000000}",frozen_final_candidate
table3.file_write.4096.c5.p99_ms,116.06709000000002,report.json,sha256:ebea3dc4119919969370897b64ea004cbc9555e3403463bc44cba534461d2982,archive-json,"{""artifact"":""report.json"",""cell_id"":""sha256:b87af3269b33724949335fca092c5b6adb183e4894bff8806b801ac84db783ce"",""field"":""raw_points[].value"",""metric_id"":""batch_makespan_ns"",""trial_scope"":""reportable_measured""}",nanoseconds,milliseconds,linear_quantile_p99,"{""interpolation"":""linear"",""position"":""(n-1)*q"",""probability"":0.99,""unit_divisor"":1000000}",frozen_final_candidate
table3.file_write.4096.c5.samples,100,report.json,sha256:ebea3dc4119919969370897b64ea004cbc9555e3403463bc44cba534461d2982,archive-json,"{""artifact"":""report.json"",""cell_id"":""sha256:b87af3269b33724949335fca092c5b6adb183e4894bff8806b801ac84db783ce"",""field"":""available_n"",""metric_id"":""batch_makespan_ns"",""trial_scope"":""reportable_measured""}",count,count,identity,{},frozen_final_candidate
table3.file_write.4096.c5.throughput_ops_s,45.999104922461498,report.json,sha256:ebea3dc4119919969370897b64ea004cbc9555e3403463bc44cba534461d2982,archive-json,"{""artifact"":""report.json"",""cell_id"":""sha256:b87af3269b33724949335fca092c5b6adb183e4894bff8806b801ac84db783ce"",""field"":""raw_points[].value"",""metric_id"":""throughput_ops_s"",""trial_scope"":""reportable_measured""}",operations_per_second,operations_per_second,arithmetic_mean,"{""denominator"":100}",frozen_final_candidate
table4.create_workspace.none.c1.daemon_rss_bytes,25.5,report.json,sha256:ebea3dc4119919969370897b64ea004cbc9555e3403463bc44cba534461d2982,archive-json,"{""artifact"":""report.json"",""cell_id"":""sha256:2f8ff3901a35439793e55958d898b63fb9010bc2f1c016a59d688b9b9157f2fd"",""field"":""raw_points[].value"",""metric_id"":""daemon_rss_bytes"",""trial_scope"":""reportable_measured""}",bytes,MiB,maximum,"{""denominator"":null,""unit_divisor"":1048576}",frozen_final_candidate
table4.create_workspace.none.c1.sandbox_block_read_bytes,0,report.json,sha256:ebea3dc4119919969370897b64ea004cbc9555e3403463bc44cba534461d2982,archive-json,"{""artifact"":""report.json"",""cell_id"":""sha256:2f8ff3901a35439793e55958d898b63fb9010bc2f1c016a59d688b9b9157f2fd"",""field"":""raw_points[].value"",""metric_id"":""sandbox_block_read_bytes"",""trial_scope"":""reportable_measured""}",bytes,MiB,arithmetic_mean,"{""denominator"":100,""unit_divisor"":1048576}",frozen_final_candidate
table4.create_workspace.none.c1.sandbox_block_write_bytes,0.0108203125,report.json,sha256:ebea3dc4119919969370897b64ea004cbc9555e3403463bc44cba534461d2982,archive-json,"{""artifact"":""report.json"",""cell_id"":""sha256:2f8ff3901a35439793e55958d898b63fb9010bc2f1c016a59d688b9b9157f2fd"",""field"":""raw_points[].value"",""metric_id"":""sandbox_block_write_bytes"",""trial_scope"":""reportable_measured""}",bytes,MiB,arithmetic_mean,"{""denominator"":100,""unit_divisor"":1048576}",frozen_final_candidate
table4.create_workspace.none.c1.sandbox_cpu_time_ns,30.4712,report.json,sha256:ebea3dc4119919969370897b64ea004cbc9555e3403463bc44cba534461d2982,archive-json,"{""artifact"":""report.json"",""cell_id"":""sha256:2f8ff3901a35439793e55958d898b63fb9010bc2f1c016a59d688b9b9157f2fd"",""field"":""raw_points[].value"",""metric_id"":""sandbox_cpu_time_ns"",""trial_scope"":""reportable_measured""}",nanoseconds,milliseconds,arithmetic_mean,"{""denominator"":100,""unit_divisor"":1000000}",frozen_final_candidate
table4.create_workspace.none.c1.sandbox_memory_peak_bytes,28.171875,report.json,sha256:ebea3dc4119919969370897b64ea004cbc9555e3403463bc44cba534461d2982,archive-json,"{""artifact"":""report.json"",""cell_id"":""sha256:2f8ff3901a35439793e55958d898b63fb9010bc2f1c016a59d688b9b9157f2fd"",""field"":""raw_points[].value"",""metric_id"":""sandbox_memory_peak_bytes"",""trial_scope"":""reportable_measured""}",bytes,MiB,maximum,"{""denominator"":null,""unit_divisor"":1048576}",frozen_final_candidate
table4.create_workspace.none.c1.upperdir_bytes,0.00390625,report.json,sha256:ebea3dc4119919969370897b64ea004cbc9555e3403463bc44cba534461d2982,archive-json,"{""artifact"":""report.json"",""cell_id"":""sha256:2f8ff3901a35439793e55958d898b63fb9010bc2f1c016a59d688b9b9157f2fd"",""field"":""raw_points[].value"",""metric_id"":""upperdir_bytes"",""trial_scope"":""reportable_measured""}",bytes,MiB,arithmetic_mean,"{""denominator"":100,""unit_divisor"":1048576}",frozen_final_candidate
table4.create_workspace.none.c5.daemon_rss_bytes,34.125,report.json,sha256:ebea3dc4119919969370897b64ea004cbc9555e3403463bc44cba534461d2982,archive-json,"{""artifact"":""report.json"",""cell_id"":""sha256:46dca2a11cd160fb27148faef398b025082c5a87cbdf187c58b26045fac29c21"",""field"":""raw_points[].value"",""metric_id"":""daemon_rss_bytes"",""trial_scope"":""reportable_measured""}",bytes,MiB,maximum,"{""denominator"":null,""unit_divisor"":1048576}",frozen_final_candidate
table4.create_workspace.none.c5.sandbox_block_read_bytes,0,report.json,sha256:ebea3dc4119919969370897b64ea004cbc9555e3403463bc44cba534461d2982,archive-json,"{""artifact"":""report.json"",""cell_id"":""sha256:46dca2a11cd160fb27148faef398b025082c5a87cbdf187c58b26045fac29c21"",""field"":""raw_points[].value"",""metric_id"":""sandbox_block_read_bytes"",""trial_scope"":""reportable_measured""}",bytes,MiB,arithmetic_mean,"{""denominator"":100,""unit_divisor"":1048576}",frozen_final_candidate
table4.create_workspace.none.c5.sandbox_block_write_bytes,0.027070312499999999,report.json,sha256:ebea3dc4119919969370897b64ea004cbc9555e3403463bc44cba534461d2982,archive-json,"{""artifact"":""report.json"",""cell_id"":""sha256:46dca2a11cd160fb27148faef398b025082c5a87cbdf187c58b26045fac29c21"",""field"":""raw_points[].value"",""metric_id"":""sandbox_block_write_bytes"",""trial_scope"":""reportable_measured""}",bytes,MiB,arithmetic_mean,"{""denominator"":100,""unit_divisor"":1048576}",frozen_final_candidate
table4.create_workspace.none.c5.sandbox_cpu_time_ns,79.501660000000001,report.json,sha256:ebea3dc4119919969370897b64ea004cbc9555e3403463bc44cba534461d2982,archive-json,"{""artifact"":""report.json"",""cell_id"":""sha256:46dca2a11cd160fb27148faef398b025082c5a87cbdf187c58b26045fac29c21"",""field"":""raw_points[].value"",""metric_id"":""sandbox_cpu_time_ns"",""trial_scope"":""reportable_measured""}",nanoseconds,milliseconds,arithmetic_mean,"{""denominator"":100,""unit_divisor"":1000000}",frozen_final_candidate
table4.create_workspace.none.c5.sandbox_memory_peak_bytes,43.52734375,report.json,sha256:ebea3dc4119919969370897b64ea004cbc9555e3403463bc44cba534461d2982,archive-json,"{""artifact"":""report.json"",""cell_id"":""sha256:46dca2a11cd160fb27148faef398b025082c5a87cbdf187c58b26045fac29c21"",""field"":""raw_points[].value"",""metric_id"":""sandbox_memory_peak_bytes"",""trial_scope"":""reportable_measured""}",bytes,MiB,maximum,"{""denominator"":null,""unit_divisor"":1048576}",frozen_final_candidate
table4.create_workspace.none.c5.upperdir_bytes,0.01953125,report.json,sha256:ebea3dc4119919969370897b64ea004cbc9555e3403463bc44cba534461d2982,archive-json,"{""artifact"":""report.json"",""cell_id"":""sha256:46dca2a11cd160fb27148faef398b025082c5a87cbdf187c58b26045fac29c21"",""field"":""raw_points[].value"",""metric_id"":""upperdir_bytes"",""trial_scope"":""reportable_measured""}",bytes,MiB,arithmetic_mean,"{""denominator"":100,""unit_divisor"":1048576}",frozen_final_candidate
table4.exec_command.noop.c1.daemon_rss_bytes,13.875,report.json,sha256:ebea3dc4119919969370897b64ea004cbc9555e3403463bc44cba534461d2982,archive-json,"{""artifact"":""report.json"",""cell_id"":""sha256:49abffc1163b5d9c8d96c8c091f2a31d46f8303444af6d2b9a78ea9a4e92b8f5"",""field"":""raw_points[].value"",""metric_id"":""daemon_rss_bytes"",""trial_scope"":""reportable_measured""}",bytes,MiB,maximum,"{""denominator"":null,""unit_divisor"":1048576}",frozen_final_candidate
table4.exec_command.noop.c1.sandbox_block_read_bytes,0,report.json,sha256:ebea3dc4119919969370897b64ea004cbc9555e3403463bc44cba534461d2982,archive-json,"{""artifact"":""report.json"",""cell_id"":""sha256:49abffc1163b5d9c8d96c8c091f2a31d46f8303444af6d2b9a78ea9a4e92b8f5"",""field"":""raw_points[].value"",""metric_id"":""sandbox_block_read_bytes"",""trial_scope"":""reportable_measured""}",bytes,MiB,arithmetic_mean,"{""denominator"":100,""unit_divisor"":1048576}",frozen_final_candidate
table4.exec_command.noop.c1.sandbox_block_write_bytes,0.001171875,report.json,sha256:ebea3dc4119919969370897b64ea004cbc9555e3403463bc44cba534461d2982,archive-json,"{""artifact"":""report.json"",""cell_id"":""sha256:49abffc1163b5d9c8d96c8c091f2a31d46f8303444af6d2b9a78ea9a4e92b8f5"",""field"":""raw_points[].value"",""metric_id"":""sandbox_block_write_bytes"",""trial_scope"":""reportable_measured""}",bytes,MiB,arithmetic_mean,"{""denominator"":100,""unit_divisor"":1048576}",frozen_final_candidate
table4.exec_command.noop.c1.sandbox_cpu_time_ns,35.003349999999998,report.json,sha256:ebea3dc4119919969370897b64ea004cbc9555e3403463bc44cba534461d2982,archive-json,"{""artifact"":""report.json"",""cell_id"":""sha256:49abffc1163b5d9c8d96c8c091f2a31d46f8303444af6d2b9a78ea9a4e92b8f5"",""field"":""raw_points[].value"",""metric_id"":""sandbox_cpu_time_ns"",""trial_scope"":""reportable_measured""}",nanoseconds,milliseconds,arithmetic_mean,"{""denominator"":100,""unit_divisor"":1000000}",frozen_final_candidate
table4.exec_command.noop.c1.sandbox_memory_peak_bytes,20.03125,report.json,sha256:ebea3dc4119919969370897b64ea004cbc9555e3403463bc44cba534461d2982,archive-json,"{""artifact"":""report.json"",""cell_id"":""sha256:49abffc1163b5d9c8d96c8c091f2a31d46f8303444af6d2b9a78ea9a4e92b8f5"",""field"":""raw_points[].value"",""metric_id"":""sandbox_memory_peak_bytes"",""trial_scope"":""reportable_measured""}",bytes,MiB,maximum,"{""denominator"":null,""unit_divisor"":1048576}",frozen_final_candidate
table4.exec_command.noop.c1.upperdir_bytes,0,report.json,sha256:ebea3dc4119919969370897b64ea004cbc9555e3403463bc44cba534461d2982,archive-json,"{""artifact"":""report.json"",""cell_id"":""sha256:49abffc1163b5d9c8d96c8c091f2a31d46f8303444af6d2b9a78ea9a4e92b8f5"",""field"":""raw_points[].value"",""metric_id"":""upperdir_bytes"",""trial_scope"":""reportable_measured""}",bytes,MiB,arithmetic_mean,"{""denominator"":100,""unit_divisor"":1048576}",frozen_final_candidate
table4.exec_command.noop.c5.daemon_rss_bytes,13.125,report.json,sha256:ebea3dc4119919969370897b64ea004cbc9555e3403463bc44cba534461d2982,archive-json,"{""artifact"":""report.json"",""cell_id"":""sha256:328ad82e72b0d80ac2466f6d7b8610fb125d828ea73a4efc98c7bb317beeab6d"",""field"":""raw_points[].value"",""metric_id"":""daemon_rss_bytes"",""trial_scope"":""reportable_measured""}",bytes,MiB,maximum,"{""denominator"":null,""unit_divisor"":1048576}",frozen_final_candidate
table4.exec_command.noop.c5.sandbox_block_read_bytes,0,report.json,sha256:ebea3dc4119919969370897b64ea004cbc9555e3403463bc44cba534461d2982,archive-json,"{""artifact"":""report.json"",""cell_id"":""sha256:328ad82e72b0d80ac2466f6d7b8610fb125d828ea73a4efc98c7bb317beeab6d"",""field"":""raw_points[].value"",""metric_id"":""sandbox_block_read_bytes"",""trial_scope"":""reportable_measured""}",bytes,MiB,arithmetic_mean,"{""denominator"":100,""unit_divisor"":1048576}",frozen_final_candidate
table4.exec_command.noop.c5.sandbox_block_write_bytes,0.0026171875000000002,report.json,sha256:ebea3dc4119919969370897b64ea004cbc9555e3403463bc44cba534461d2982,archive-json,"{""artifact"":""report.json"",""cell_id"":""sha256:328ad82e72b0d80ac2466f6d7b8610fb125d828ea73a4efc98c7bb317beeab6d"",""field"":""raw_points[].value"",""metric_id"":""sandbox_block_write_bytes"",""trial_scope"":""reportable_measured""}",bytes,MiB,arithmetic_mean,"{""denominator"":100,""unit_divisor"":1048576}",frozen_final_candidate
table4.exec_command.noop.c5.sandbox_cpu_time_ns,63.077289999999998,report.json,sha256:ebea3dc4119919969370897b64ea004cbc9555e3403463bc44cba534461d2982,archive-json,"{""artifact"":""report.json"",""cell_id"":""sha256:328ad82e72b0d80ac2466f6d7b8610fb125d828ea73a4efc98c7bb317beeab6d"",""field"":""raw_points[].value"",""metric_id"":""sandbox_cpu_time_ns"",""trial_scope"":""reportable_measured""}",nanoseconds,milliseconds,arithmetic_mean,"{""denominator"":100,""unit_divisor"":1000000}",frozen_final_candidate
table4.exec_command.noop.c5.sandbox_memory_peak_bytes,21.5546875,report.json,sha256:ebea3dc4119919969370897b64ea004cbc9555e3403463bc44cba534461d2982,archive-json,"{""artifact"":""report.json"",""cell_id"":""sha256:328ad82e72b0d80ac2466f6d7b8610fb125d828ea73a4efc98c7bb317beeab6d"",""field"":""raw_points[].value"",""metric_id"":""sandbox_memory_peak_bytes"",""trial_scope"":""reportable_measured""}",bytes,MiB,maximum,"{""denominator"":null,""unit_divisor"":1048576}",frozen_final_candidate
table4.exec_command.noop.c5.upperdir_bytes,0,report.json,sha256:ebea3dc4119919969370897b64ea004cbc9555e3403463bc44cba534461d2982,archive-json,"{""artifact"":""report.json"",""cell_id"":""sha256:328ad82e72b0d80ac2466f6d7b8610fb125d828ea73a4efc98c7bb317beeab6d"",""field"":""raw_points[].value"",""metric_id"":""upperdir_bytes"",""trial_scope"":""reportable_measured""}",bytes,MiB,arithmetic_mean,"{""denominator"":100,""unit_divisor"":1048576}",frozen_final_candidate
table4.file_edit.262144.c5.daemon_rss_bytes,62.6015625,report.json,sha256:ebea3dc4119919969370897b64ea004cbc9555e3403463bc44cba534461d2982,archive-json,"{""artifact"":""report.json"",""cell_id"":""sha256:ae045e86ae9a922cccd9f5820ba8a29db3155f5c9d8eb81129b6a3de48f7daab"",""field"":""raw_points[].value"",""metric_id"":""daemon_rss_bytes"",""trial_scope"":""reportable_measured""}",bytes,MiB,maximum,"{""denominator"":null,""unit_divisor"":1048576}",frozen_final_candidate
table4.file_edit.262144.c5.sandbox_block_read_bytes,0,report.json,sha256:ebea3dc4119919969370897b64ea004cbc9555e3403463bc44cba534461d2982,archive-json,"{""artifact"":""report.json"",""cell_id"":""sha256:ae045e86ae9a922cccd9f5820ba8a29db3155f5c9d8eb81129b6a3de48f7daab"",""field"":""raw_points[].value"",""metric_id"":""sandbox_block_read_bytes"",""trial_scope"":""reportable_measured""}",bytes,MiB,arithmetic_mean,"{""denominator"":100,""unit_divisor"":1048576}",frozen_final_candidate
table4.file_edit.262144.c5.sandbox_block_write_bytes,1.2505859374999999,report.json,sha256:ebea3dc4119919969370897b64ea004cbc9555e3403463bc44cba534461d2982,archive-json,"{""artifact"":""report.json"",""cell_id"":""sha256:ae045e86ae9a922cccd9f5820ba8a29db3155f5c9d8eb81129b6a3de48f7daab"",""field"":""raw_points[].value"",""metric_id"":""sandbox_block_write_bytes"",""trial_scope"":""reportable_measured""}",bytes,MiB,arithmetic_mean,"{""denominator"":100,""unit_divisor"":1048576}",frozen_final_candidate
table4.file_edit.262144.c5.sandbox_cpu_time_ns,148.73233999999999,report.json,sha256:ebea3dc4119919969370897b64ea004cbc9555e3403463bc44cba534461d2982,archive-json,"{""artifact"":""report.json"",""cell_id"":""sha256:ae045e86ae9a922cccd9f5820ba8a29db3155f5c9d8eb81129b6a3de48f7daab"",""field"":""raw_points[].value"",""metric_id"":""sandbox_cpu_time_ns"",""trial_scope"":""reportable_measured""}",nanoseconds,milliseconds,arithmetic_mean,"{""denominator"":100,""unit_divisor"":1000000}",frozen_final_candidate
table4.file_edit.262144.c5.sandbox_memory_peak_bytes,66.71484375,report.json,sha256:ebea3dc4119919969370897b64ea004cbc9555e3403463bc44cba534461d2982,archive-json,"{""artifact"":""report.json"",""cell_id"":""sha256:ae045e86ae9a922cccd9f5820ba8a29db3155f5c9d8eb81129b6a3de48f7daab"",""field"":""raw_points[].value"",""metric_id"":""sandbox_memory_peak_bytes"",""trial_scope"":""reportable_measured""}",bytes,MiB,maximum,"{""denominator"":null,""unit_divisor"":1048576}",frozen_final_candidate
table4.file_edit.262144.c5.upperdir_bytes,1.2578125,report.json,sha256:ebea3dc4119919969370897b64ea004cbc9555e3403463bc44cba534461d2982,archive-json,"{""artifact"":""report.json"",""cell_id"":""sha256:ae045e86ae9a922cccd9f5820ba8a29db3155f5c9d8eb81129b6a3de48f7daab"",""field"":""raw_points[].value"",""metric_id"":""upperdir_bytes"",""trial_scope"":""reportable_measured""}",bytes,MiB,arithmetic_mean,"{""denominator"":100,""unit_divisor"":1048576}",frozen_final_candidate
table4.file_read.262144.c5.daemon_rss_bytes,14.47265625,report.json,sha256:ebea3dc4119919969370897b64ea004cbc9555e3403463bc44cba534461d2982,archive-json,"{""artifact"":""report.json"",""cell_id"":""sha256:36ce0418b24fc3acb183f7cc8c35d1a66f76dcab3aa1e6050c02a6b99f5f0603"",""field"":""raw_points[].value"",""metric_id"":""daemon_rss_bytes"",""trial_scope"":""reportable_measured""}",bytes,MiB,maximum,"{""denominator"":null,""unit_divisor"":1048576}",frozen_final_candidate
table4.file_read.262144.c5.sandbox_block_read_bytes,0,report.json,sha256:ebea3dc4119919969370897b64ea004cbc9555e3403463bc44cba534461d2982,archive-json,"{""artifact"":""report.json"",""cell_id"":""sha256:36ce0418b24fc3acb183f7cc8c35d1a66f76dcab3aa1e6050c02a6b99f5f0603"",""field"":""raw_points[].value"",""metric_id"":""sandbox_block_read_bytes"",""trial_scope"":""reportable_measured""}",bytes,MiB,arithmetic_mean,"{""denominator"":100,""unit_divisor"":1048576}",frozen_final_candidate
table4.file_read.262144.c5.sandbox_block_write_bytes,0,report.json,sha256:ebea3dc4119919969370897b64ea004cbc9555e3403463bc44cba534461d2982,archive-json,"{""artifact"":""report.json"",""cell_id"":""sha256:36ce0418b24fc3acb183f7cc8c35d1a66f76dcab3aa1e6050c02a6b99f5f0603"",""field"":""raw_points[].value"",""metric_id"":""sandbox_block_write_bytes"",""trial_scope"":""reportable_measured""}",bytes,MiB,arithmetic_mean,"{""denominator"":100,""unit_divisor"":1048576}",frozen_final_candidate
table4.file_read.262144.c5.sandbox_cpu_time_ns,38.43103,report.json,sha256:ebea3dc4119919969370897b64ea004cbc9555e3403463bc44cba534461d2982,archive-json,"{""artifact"":""report.json"",""cell_id"":""sha256:36ce0418b24fc3acb183f7cc8c35d1a66f76dcab3aa1e6050c02a6b99f5f0603"",""field"":""raw_points[].value"",""metric_id"":""sandbox_cpu_time_ns"",""trial_scope"":""reportable_measured""}",nanoseconds,milliseconds,arithmetic_mean,"{""denominator"":100,""unit_divisor"":1000000}",frozen_final_candidate
table4.file_read.262144.c5.sandbox_memory_peak_bytes,14.9765625,report.json,sha256:ebea3dc4119919969370897b64ea004cbc9555e3403463bc44cba534461d2982,archive-json,"{""artifact"":""report.json"",""cell_id"":""sha256:36ce0418b24fc3acb183f7cc8c35d1a66f76dcab3aa1e6050c02a6b99f5f0603"",""field"":""raw_points[].value"",""metric_id"":""sandbox_memory_peak_bytes"",""trial_scope"":""reportable_measured""}",bytes,MiB,maximum,"{""denominator"":null,""unit_divisor"":1048576}",frozen_final_candidate
table4.file_read.262144.c5.upperdir_bytes,0,report.json,sha256:ebea3dc4119919969370897b64ea004cbc9555e3403463bc44cba534461d2982,archive-json,"{""artifact"":""report.json"",""cell_id"":""sha256:36ce0418b24fc3acb183f7cc8c35d1a66f76dcab3aa1e6050c02a6b99f5f0603"",""field"":""raw_points[].value"",""metric_id"":""upperdir_bytes"",""trial_scope"":""reportable_measured""}",bytes,MiB,arithmetic_mean,"{""denominator"":100,""unit_divisor"":1048576}",frozen_final_candidate
table4.file_write.262144.c5.daemon_rss_bytes,51.04296875,report.json,sha256:ebea3dc4119919969370897b64ea004cbc9555e3403463bc44cba534461d2982,archive-json,"{""artifact"":""report.json"",""cell_id"":""sha256:bc22c4d681e3996f98d860c08a3bdc58b7cdb1152be031dcd9f213db570e7aaa"",""field"":""raw_points[].value"",""metric_id"":""daemon_rss_bytes"",""trial_scope"":""reportable_measured""}",bytes,MiB,maximum,"{""denominator"":null,""unit_divisor"":1048576}",frozen_final_candidate
table4.file_write.262144.c5.sandbox_block_read_bytes,0,report.json,sha256:ebea3dc4119919969370897b64ea004cbc9555e3403463bc44cba534461d2982,archive-json,"{""artifact"":""report.json"",""cell_id"":""sha256:bc22c4d681e3996f98d860c08a3bdc58b7cdb1152be031dcd9f213db570e7aaa"",""field"":""raw_points[].value"",""metric_id"":""sandbox_block_read_bytes"",""trial_scope"":""reportable_measured""}",bytes,MiB,arithmetic_mean,"{""denominator"":100,""unit_divisor"":1048576}",frozen_final_candidate
table4.file_write.262144.c5.sandbox_block_write_bytes,1.2506250000000001,report.json,sha256:ebea3dc4119919969370897b64ea004cbc9555e3403463bc44cba534461d2982,archive-json,"{""artifact"":""report.json"",""cell_id"":""sha256:bc22c4d681e3996f98d860c08a3bdc58b7cdb1152be031dcd9f213db570e7aaa"",""field"":""raw_points[].value"",""metric_id"":""sandbox_block_write_bytes"",""trial_scope"":""reportable_measured""}",bytes,MiB,arithmetic_mean,"{""denominator"":100,""unit_divisor"":1048576}",frozen_final_candidate
table4.file_write.262144.c5.sandbox_cpu_time_ns,95.115210000000005,report.json,sha256:ebea3dc4119919969370897b64ea004cbc9555e3403463bc44cba534461d2982,archive-json,"{""artifact"":""report.json"",""cell_id"":""sha256:bc22c4d681e3996f98d860c08a3bdc58b7cdb1152be031dcd9f213db570e7aaa"",""field"":""raw_points[].value"",""metric_id"":""sandbox_cpu_time_ns"",""trial_scope"":""reportable_measured""}",nanoseconds,milliseconds,arithmetic_mean,"{""denominator"":100,""unit_divisor"":1000000}",frozen_final_candidate
table4.file_write.262144.c5.sandbox_memory_peak_bytes,54.26953125,report.json,sha256:ebea3dc4119919969370897b64ea004cbc9555e3403463bc44cba534461d2982,archive-json,"{""artifact"":""report.json"",""cell_id"":""sha256:bc22c4d681e3996f98d860c08a3bdc58b7cdb1152be031dcd9f213db570e7aaa"",""field"":""raw_points[].value"",""metric_id"":""sandbox_memory_peak_bytes"",""trial_scope"":""reportable_measured""}",bytes,MiB,maximum,"{""denominator"":null,""unit_divisor"":1048576}",frozen_final_candidate
table4.file_write.262144.c5.upperdir_bytes,1.2578125,report.json,sha256:ebea3dc4119919969370897b64ea004cbc9555e3403463bc44cba534461d2982,archive-json,"{""artifact"":""report.json"",""cell_id"":""sha256:bc22c4d681e3996f98d860c08a3bdc58b7cdb1152be031dcd9f213db570e7aaa"",""field"":""raw_points[].value"",""metric_id"":""upperdir_bytes"",""trial_scope"":""reportable_measured""}",bytes,MiB,arithmetic_mean,"{""denominator"":100,""unit_divisor"":1048576}",frozen_final_candidate
